ACCOUNT_NUMBER,ACCOUNT_REGISTRATION_LINE_1,ACCOUNT_REGISTRATION_LINE_2,ACCOUNT_REGISTRATION_LINE_3,ACCOUNT_REGISTRATION_LINE_4,ACCOUNT_REGISTRATION_LINE_5,ACCOUNT_REGISTRATION_LINE_6,ACCOUNT_SHORT_NAME,ACCOUNT_STATUS_INDICATOR,ACCOUNT_TYPE_CODE,DATE_ACCOUNT_CLOSED,DATE_ACCOUNT_OPENED,DATE_ACCOUNT_UPDATED,INVESTMENT_PROFESSIONAL_NUMBER,NUMBER_OF_ACCOUNT_TITLE_LINES,PENDING_CLOSED_DATE,SOURCE_SYSTEM
ACC000001,Add morning hotel agreement.,,,,,,STILL CANDIDATE,P,R,,2023-05-15,2024-06-09,275,1,2024-09-18,PER
ACC000002,Necessary right top kid identify.,,,,,,TWO KEY,C,4,2024-09-22,2023-01-03,2024-04-22,079,1,,PER
ACC000003,Her if coach.,Able health radio safe.,Gun above general.,,,,STORE GARDEN,O,4,,2024-08-29,2025-02-03,181,3,,PER
ACC000004,Republican these member lawyer itself ten.,Kitchen box walk class task.,Less sort employee popular my.,Degree current TV prepare.,,,NOT REPORT,C,4,2024-06-13,2023-08-03,2024-05-11,498,4,,PER
ACC000005,Low theory sign minute.,Dark consumer office.,Order wait push.,Newspaper kitchen ability best actually listen.,,,WRONG HAPPY,O,R,,2021-01-02,2024-02-04,412,4,,PER
ACC000006,Shoulder career want.,Discussion home single none.,Public dog hope week.,Tend letter sing.,Space religious find international.,,FORCE SOMEONE,O,R,,2020-11-13,2024-06-21,232,5,,PER
ACC000007,Because defense enough sure east outside.,Quickly wide executive customer drop.,Short close represent.,Like skin rest.,,,EIGHT ALWAYS,O,R,,2020-10-29,2022-08-22,646,4,,PER
ACC000008,Every meet teacher.,,,,,,FREE THEM,P,T,,2023-10-17,2023-11-09,720,1,2024-04-22,PER
ACC000009,Guess believe hope mean too crime.,Quickly who degree teach bag.,Majority appear more center door.,Great could serious so.,Other thought spend employee.,Appear particular when range market mind.,INDUSTRY MESSAGE,O,C,,2023-10-18,2024-01-02,017,6,,PER
ACC000010,Who hear really blue son then.,,,,,,BILL BALL,O,4,,2024-03-27,2024-11-10,372,1,,PER
ACC000011,Usually floor someone.,Team any garden.,Claim should likely although positive similar.,Sound building house.,Candidate hope customer understand treatment none.,Us whatever kitchen difficult.,YOUNG HIM,C,C,2025-04-18,2021-01-17,2024-06-09,955,6,,PER
ACC000012,Though above source would garden.,,,,,,DURING CHURCH,P,4,,2020-07-28,2021-09-30,320,1,2023-05-12,PER
ACC000013,Direction brother chance with sound.,Forward high bag water line ball.,,,,,TRAINING SUDDENLY,O,3,,2024-03-03,2024-05-02,928,2,,PER
ACC000014,While including especially effect spend.,Respond total meet.,Why out just idea.,Message wonder organization.,Almost likely science.,Mrs light across economy white local.,FILM SHOULD,O,R,,2024-10-18,2024-11-01,300,6,,PER
ACC000015,Doctor question money father.,Important security clear poor fast.,,,,,EVENING DIFFERENT,P,T,,2024-08-13,2024-08-25,558,2,2025-01-04,PER
ACC000016,Difficult week ball behavior baby.,Western face rather.,Imagine magazine push assume toward.,Bill fire real true experience environment.,Peace require picture likely wish.,,MANY FACTOR,O,T,,2023-06-06,2024-09-29,785,5,,PER
ACC000017,Difficult plant decade administration management.,Follow step chance catch.,Nature approach free.,Teach water less central.,Parent age never response blue.,,SO INDIVIDUAL,O,3,,2022-07-09,2024-10-06,483,5,,PER
ACC000018,Peace truth happen option I.,Remain thought pull.,Ground range analysis pull.,,,,COUPLE DAY,C,R,2025-03-10,2023-02-09,2023-09-06,958,3,,PER
ACC000019,End teacher end stand.,Sign once garden great tough.,Southern yourself him.,,,,ACCOUNT DAY,C,4,2025-02-18,2022-06-01,2023-08-30,531,3,,PER
ACC000020,Watch magazine thank everybody analysis measure.,Could run lead.,,,,,HEAR DRAW,P,3,,2023-12-11,2024-07-03,865,2,2025-04-14,PER
ACC000021,Door each market choose watch popular.,Choose allow leader both finally.,Able method believe.,,,,OUT CERTAIN,O,C,,2025-04-17,2025-04-18,965,3,,PER
ACC000022,Study artist best born brother west.,Buy range avoid war.,Each yard over two determine final.,Eat brother language every.,,,PICTURE PULL,C,T,2023-10-04,2020-05-12,2021-01-30,815,4,,PER
ACC000023,Important nothing whose without manage.,Wrong identify too.,Through west buy.,Business maintain everything past alone.,Change economic home.,,LOCAL WHOSE,C,3,2025-03-26,2025-01-18,2025-02-12,891,5,,PER
ACC000024,Mother imagine through.,Drive ten morning.,,,,,POLICE SPORT,C,T,2025-01-23,2020-09-13,2020-10-26,933,2,,PER
ACC000025,Be drive call.,,,,,,ATTACK SIMPLE,C,R,2024-06-15,2023-08-15,2024-05-01,797,1,,PER
ACC000026,Early put expect involve face measure.,Government what follow cover.,Professional specific deal south civil.,Again student kitchen their.,Return month radio goal view poor.,Low drop rather.,POLITICAL CLASS,C,T,2023-03-19,2021-10-17,2022-11-01,172,6,,PER
ACC000027,Mention health direction art.,Suggest which same.,President him section.,,,,CHILD MILLION,O,C,,2024-02-01,2024-07-25,155,3,,PER
ACC000028,Serve tonight medical now.,Trip hear drug concern news.,Believe personal or family social coach.,Sister keep discover.,Until according professional.,Human response themselves benefit seven.,SCIENCE LISTEN,C,4,2025-01-29,2024-10-15,2024-12-21,468,6,,PER
ACC000029,But color work doctor.,Safe television have entire.,Step have though evidence compare.,Poor every when next.,,,RECOGNIZE MEETING,C,3,2025-04-20,2020-09-08,2025-04-12,986,4,,PER
ACC000030,Parent stay friend executive myself degree.,Night beautiful sport.,,,,,CARD FORMER,C,3,2025-04-11,2024-10-25,2025-01-05,966,2,,PER
ACC000031,Attorney good strategy American best.,Become anyone whom eight.,,,,,RESULT COMMUNITY,C,T,2025-03-13,2022-10-13,2024-12-23,478,2,,PER
ACC000032,Industry management age officer.,North western may oil middle town.,Rich push list wife.,Town particular more once.,Manager job ok.,,SECURITY THEN,C,T,2024-11-30,2023-01-18,2024-05-05,309,5,,PER
ACC000033,Ahead already central attack until.,Dream their focus.,Service remain phone fund husband.,Own wind hand long.,,,MONEY SERIOUS,P,4,,2020-08-20,2022-10-23,317,4,2023-02-09,PER
ACC000034,Mr world response.,Travel something push these participant.,Republican campaign weight finally reveal.,,,,CAR WEAR,P,3,,2025-01-08,2025-01-24,775,3,2025-02-26,PER
ACC000035,Political cut friend.,Deal prepare management prove large trade.,Age community body strong computer lay.,Speech least traditional.,Enough how scene.,,REPORT REASON,O,T,,2024-07-04,2025-01-17,751,5,,PER
ACC000036,Cup stuff item night meet.,,,,,,AND FACT,C,3,2024-11-09,2021-06-28,2023-03-06,612,1,,PER
ACC000037,Various stuff watch door on.,Fight discuss particularly worker discussion trial,Describe guy product possible.,Particular total as.,Why behavior side front west record.,,GROWTH AMERICAN,O,4,,2021-10-30,2022-02-19,124,5,,PER
ACC000038,Successful international indicate new society.,,,,,,LANGUAGE OPPORTUNITY,C,3,2024-06-02,2023-05-12,2023-10-19,209,1,,PER
ACC000039,Growth easy single become goal floor.,Recent role red.,Indeed Mrs down bag.,,,,KID SPEND,P,C,,2024-02-08,2024-12-13,784,3,2025-03-27,PER
ACC000040,Size hope camera really off.,Physical reveal rather campaign soldier best.,Blood discussion gun she.,Range enter small improve.,This develop pass success want.,,THE WHY,P,T,,2023-09-10,2025-03-15,112,5,2025-03-26,PER
ACC000041,Across with carry director political son.,,,,,,BEHAVIOR NOTICE,O,R,,2021-08-12,2022-10-25,925,1,,PER
ACC000042,Can view dream.,,,,,,LATER REVEAL,P,3,,2023-03-14,2024-10-04,066,1,2025-01-18,PER
ACC000043,Reality total hit.,Respond benefit summer air myself bar.,,,,,PHYSICAL MESSAGE,C,C,2024-05-26,2021-09-02,2023-05-12,864,2,,PER
ACC000044,Certain central partner.,Home challenge admit.,Provide prevent miss.,Election network skill significant agent country.,Difficult air second spring.,,STORY FLOOR,O,C,,2023-03-15,2023-07-17,641,5,,PER
ACC000045,Still modern character budget bank guy.,Oil have according option.,Affect heart from kid.,,,,ADULT WORKER,C,3,2024-10-09,2023-01-03,2023-11-23,722,3,,PER
ACC000046,Apply measure condition.,,,,,,BOX CITIZEN,P,C,,2023-08-22,2025-01-31,059,1,2025-03-10,PER
ACC000047,Free that daughter unit court place.,Eat forget listen bank.,Truth light hospital free past little.,Or take kind view effect.,Individual form room.,,DROP DEEP,C,R,2024-04-01,2023-03-02,2023-08-28,555,5,,PER
ACC000048,Argue pull woman interest star.,Life cell identify reflect.,Glass their inside energy structure consider.,Rest kitchen actually low much we.,,,ARTICLE NOTICE,P,R,,2021-02-02,2021-03-13,190,4,2022-12-24,PER
ACC000049,Girl minute store support.,East religious pattern single.,Region why before team man.,Feeling interesting each.,Cultural answer edge value.,,EDUCATION THOUGHT,C,4,2025-01-17,2023-09-18,2024-11-21,626,5,,PER
ACC000050,Myself agree these far.,Though growth garden house.,,,,,AMONG SON,P,3,,2024-10-10,2025-02-08,808,2,2025-04-25,PER
ACC000051,Discuss matter institution source.,Property participant full clear.,Back wife chair wait.,,,,YEAR IMPACT,C,3,2024-09-08,2023-02-03,2023-06-02,118,3,,PER
ACC000052,Raise market reason morning tree.,Section level fine she.,Firm rather professor bar family.,Something important anything each strategy.,Upon concern everyone deep build lot.,,MIND MENTION,P,3,,2020-11-09,2024-02-25,977,5,2024-04-11,PER
ACC000053,Turn leg country technology.,Nice detail head.,Increase side read drop nature.,Somebody management friend administration fast.,Employee physical whose inside contain.,,EXIST WORRY,C,3,2024-04-10,2022-07-01,2023-06-02,162,5,,PER
ACC000054,Must week boy.,Trade behavior soon standard world.,Cause operation Congress.,Game owner with hand.,,,WATCH YOU,P,R,,2024-02-15,2024-02-25,139,4,2024-04-25,PER
ACC000055,Call traditional beautiful time.,Whether car behind agent movement doctor.,Officer sell finally read.,Hear blue foot.,Fall own camera sit best people.,,MAYBE AGO,O,4,,2024-11-17,2025-02-10,498,5,,PER
ACC000056,Model street give our.,Worry issue quickly imagine.,Nature over stop floor.,,,,DAUGHTER SENSE,P,3,,2024-12-15,2025-02-02,123,3,2025-02-28,PER
ACC000057,Side no behind old chair.,Cut majority score leave style.,Agent charge never week no sound.,How trouble fact power.,Action conference usually issue.,,READY SPECIFIC,C,C,2025-03-10,2023-08-25,2023-11-17,555,5,,PER
ACC000058,Room eight material deal writer my.,Program buy type end.,Music economy six center treatment raise.,Current teacher local.,Everyone positive which woman growth.,Forward next would cultural country provide.,EVERYONE LEAD,C,R,2025-02-10,2020-12-31,2024-09-08,370,6,,PER
ACC000059,Laugh model good prove manager sell.,Card particularly garden.,,,,,SUCH ADDRESS,O,3,,2022-07-26,2024-07-30,302,2,,PER
ACC000060,Like Democrat class audience miss.,,,,,,CALL AS,C,3,2025-01-29,2024-02-24,2024-10-10,732,1,,PER
ACC000061,Seek party head.,Several general else.,Box citizen up can hold.,Difference opportunity something law.,Style information attack.,,POSSIBLE BORN,C,4,2025-04-18,2024-08-11,2025-04-18,892,5,,PER
ACC000062,Two former discussion.,,,,,,STYLE ABILITY,P,3,,2020-05-10,2021-06-16,551,1,2021-10-19,PER
ACC000063,Whether movie certainly cost much.,Real development few level.,Animal sort and kind dream such.,Shake prevent into.,Occur card apply.,,SMILE ASK,C,3,2025-03-26,2024-09-03,2024-12-16,198,5,,PER
ACC000064,Magazine rich five allow term.,Try such role.,Small four free top television even.,Third product technology military better.,National memory drop ten customer.,Country make develop cause.,FIELD ROLE,O,C,,2024-06-03,2025-01-15,625,6,,PER
ACC000065,Dinner phone throw politics risk great.,Must dark after group under discuss.,Road cover hour.,Maintain paper now.,Million wall phone system ball.,,PRODUCE FORM,C,3,2024-06-04,2021-08-09,2021-12-07,648,5,,PER
ACC000066,Energy at nothing left.,,,,,,BILL REPRESENT,O,4,,2021-04-06,2025-04-25,855,1,,PER
ACC000067,Physical final woman wife.,Whom individual war score.,Vote certainly individual analysis.,Long Mr case then interview half.,Teach hear discover east.,Away parent head hundred identify let.,SCORE TEN,P,R,,2020-05-12,2020-12-16,446,6,2022-09-09,PER
ACC000068,Effort five police.,Everything success unit hit impact.,,,,,OTHERS GIVE,P,4,,2021-01-24,2021-07-18,649,2,2022-11-23,PER
ACC000069,Significant final ago finish.,,,,,,PROJECT INCLUDING,C,4,2021-05-18,2020-11-16,2021-04-11,501,1,,PER
ACC000070,Begin heart environmental.,Camera daughter lawyer person on many.,Official deep old travel require.,Realize hit listen evidence.,Teach Mrs speech hair.,,LAND TO,C,T,2024-08-02,2023-04-25,2023-04-27,619,5,,PER
ACC000071,Toward ten subject.,Exist although across church town.,Front laugh perhaps build.,Public party difficult small.,Very environment great each manager.,Budget top evidence just own budget sea.,PROGRAM DETAIL,P,4,,2023-11-28,2025-03-02,883,6,2025-04-11,PER
ACC000072,Point sea enjoy politics.,Get argue nice national listen.,,,,,CHALLENGE BUILDING,P,C,,2022-05-16,2024-12-24,412,2,2025-04-19,PER
ACC000073,Prove sometimes foreign east behavior.,Animal enter poor.,,,,,TEACH FINE,O,4,,2020-10-25,2024-03-22,240,2,,PER
ACC000074,Present cup specific.,Hotel take detail away worry us.,Month sometimes late Mrs.,Second include color message.,,,GARDEN SERVICE,O,3,,2023-11-04,2024-05-17,749,4,,PER
ACC000075,Top popular seek learn sister.,Within you by.,Yeah economic mother travel hair.,Picture all up science our.,,,TAKE APPEAR,P,R,,2020-12-12,2023-01-16,438,4,2024-04-22,PER
ACC000076,Party factor beyond if will herself.,Oil live necessary.,,,,,SHE AUTHORITY,C,3,2025-04-22,2025-04-21,2025-04-22,657,2,,PER
ACC000077,Charge reality forward century.,War someone able level.,Thing subject upon.,,,,EARLY WORD,O,T,,2024-05-01,2024-10-22,791,3,,PER
ACC000078,Question standard agree.,,,,,,CHURCH ONLY,C,R,2024-12-17,2024-10-22,2024-12-07,030,1,,PER
ACC000079,Risk nor maintain nation money together.,Nice different safe show open still.,,,,,HOSPITAL NOTICE,C,R,2024-03-24,2022-11-04,2023-04-17,654,2,,PER
ACC000080,Story morning although big decision participant.,Good ago generation inside.,City begin occur ever stand around.,,,,MIND OR,O,C,,2023-10-04,2025-04-15,030,3,,PER
ACC000081,Wall hair language necessary maintain.,Wind arrive offer condition.,,,,,PUSH CONSUMER,C,C,2023-03-06,2020-07-22,2021-09-07,952,2,,PER
ACC000082,Poor management environment PM reveal its.,Pay father let.,Mind available statement feel visit direction.,Create all face serve carry church.,Quite admit look painting.,,MORNING PROGRAM,C,C,2025-04-18,2024-07-21,2024-12-30,545,5,,PER
ACC000083,Speak born summer education recently.,Model either night high.,Lot interest exist outside theory plant.,Cup together thousand short.,,,LOCAL MODEL,C,3,2025-04-19,2023-12-03,2025-04-07,393,4,,PER
ACC000084,Society possible find story operation.,Dark other tax.,,,,,TEST OPTION,O,4,,2024-04-01,2024-12-11,760,2,,PER
ACC000085,Smile statement market despite simply sea.,From design a minute image.,,,,,STUDY SERVICE,C,4,2021-12-02,2020-07-28,2021-11-21,162,2,,PER
ACC000086,Front than a.,Security see lay sign.,Piece data budget why pretty store.,Plant religious heavy for.,,,GUESS APPLY,P,T,,2023-04-24,2024-01-11,140,4,2025-02-11,PER
ACC000087,Public parent also knowledge.,Leader politics PM for.,Report own build.,Your office collection run same.,Race national production.,,GROUP DROP,P,C,,2024-05-11,2025-02-25,126,5,2025-02-28,PER
ACC000088,Us information night he bill.,Job group relate catch current.,At per leader situation.,Indicate finish must drop.,Doctor set them federal even store.,,WILL ORGANIZATION,P,T,,2024-03-23,2024-08-25,797,5,2025-03-18,PER
ACC000089,Race tend center forget still fall.,Letter until question stay drug.,Attention door street natural.,,,,RESULT IMPACT,P,3,,2020-08-27,2021-08-19,112,3,2024-02-08,PER
ACC000090,Upon challenge popular occur true only.,From perhaps approach.,,,,,EFFECT LIFE,C,C,2025-03-31,2025-02-14,2025-03-24,465,2,,PER
ACC000091,System say coach per sense.,Mention myself left however live.,,,,,MOVIE BENEFIT,O,R,,2021-07-19,2023-12-23,038,2,,PER
ACC000092,Indeed finish east.,Fight because able art news.,,,,,EXPERIENCE DEMOCRATIC,O,R,,2023-12-24,2024-12-06,496,2,,PER
ACC000093,Miss thing toward once environmental place.,,,,,,MILITARY BRING,O,3,,2023-04-15,2024-07-05,525,1,,PER
ACC000094,All into those.,Relationship possible above similar my behavior.,Around follow call.,Over expert what tax.,,,DEMOCRATIC EDGE,O,4,,2020-10-14,2022-10-10,163,4,,PER
ACC000095,Six participant various technology.,Most offer already sound yourself.,Nothing democratic husband happy check both.,Drop so street.,Rate claim deal term.,Rich enter realize performance.,EXPERT WIFE,C,4,2025-04-25,2024-12-31,2025-04-19,864,6,,PER
ACC000096,Let impact painting.,Bank without material growth size season.,Maybe another physical read TV own.,Exist peace professor notice reduce be.,,,KID PROTECT,O,4,,2023-02-05,2023-11-14,961,4,,PER
ACC000097,Politics catch start these phone ready.,Above skill while despite detail understand.,,,,,COMPUTER CAMERA,O,C,,2021-01-06,2021-09-01,297,2,,PER
ACC000098,Person movie those public person.,Tv fall window fine.,Behavior make opportunity.,Production recent especially visit everyone attack,Summer turn or.,Second fear federal.,DECIDE HER,P,4,,2024-10-06,2024-10-09,309,6,2025-03-13,PER
ACC000099,Focus down or public kind.,Into federal close above whatever.,,,,,ACROSS MOVE,C,C,2022-12-31,2021-06-14,2022-09-16,114,2,,PER
ACC000100,Star prevent cup significant indeed.,And health receive last something he.,Against describe begin degree heart other.,,,,RATHER WORRY,C,C,2025-04-22,2024-08-16,2025-02-14,597,3,,PER
